id,address,code,name,type,type2
100001966,"서울특별시 서대문구 경기대로9길 10",B100001966,경기초등학교,B,elementary
100002163,"서울특별시 광진구 천호대로130길 58",B100002163,경복초등학교,B,elementary
100001394,"서울특별시 동대문구 경희대로 26",B100001394,경희초등학교,B,elementary
100002365,"서울특별시 서초구 신반포로19길 23",B100002365,계성초등학교,B,elementary
100002289,"서울특별시 성북구 한천로 693",B100002289,광운초등학교,B,elementary
100001395,"서울특별시 중랑구 신내로21길 55",B100001395,금성초등학교,B,elementary
100002290,"서울특별시 성북구 안암로 5",B100002290,대광초등학교,B,elementary
100001197,"서울특별시 금천구 탑골로10길 45",B100001197,동광초등학교,B,elementary
100001733,"서울특별시 도봉구 시루봉로 53",B100001733,동북초등학교,B,elementary
100002366,"서울특별시 중구 매봉18길 109",B100002366,동산초등학교,B,elementary
100002367,"서울특별시 중구 소파로2길 7",B100002367,리라초등학교,B,elementary
100002291,"서울특별시 성북구 북악산로 870",B100002291,매원초등학교,B,elementary
100001967,"서울특별시 서대문구 명지2길 32-20",B100001967,명지초등학교,B,elementary
100002368,"서울특별시 종로구 홍지문2길 1",B100002368,상명대학교사범대학부속초등학교,B,elementary
100001734,"서울특별시 노원구 덕릉로 541",B100001734,상명초등학교,B,elementary
100001004,"서울특별시 강서구 공항대로36길 74",B100001004,서울가곡초등학교,B,elementary
100000897,"서울특별시 송파구 중대로20길 47",B100000897,서울가동초등학교,B,elementary
100000898,"서울특별시 송파구 송파대로37길 45",B100000898,서울가락초등학교,B,elementary
100001198,"서울특별시 금천구 남부순환로 1304-11",B100001198,서울가산초등학교,B,elementary
100001005,"서울 강서구 허준로 186",B100001005,서울가양초등학교,B,elementary
100000899,"서울특별시 송파구 중대로4길 8",B100000899,서울가원초등학교,B,elementary
100005215,"서울특별시 도봉구 도봉로136다길 4",B100005215,서울가인초등학교,B,elementary
100005597,"서울특별시 서대문구 모래내로15길 61",B100005597,서울가재울초등학교,B,elementary
100000900,"서울특별시 송파구 오금로40길 37",B100000900,서울가주초등학교,B,elementary
100001006,"서울특별시 양천구 목동로 31",B100001006,서울갈산초등학교,B,elementary
100001968,"서울특별시 은평구 연서로29길 31",B100001968,서울갈현초등학교,B,elementary
100001576,"서울특별시 동작구 강남초등길 15",B100001576,서울강남초등학교,B,elementary
100000901,"서울특별시 강동구 동남로82길 94-54",B100000901,서울강덕초등학교,B,elementary
100000902,"서울특별시 강동구 상암로14길 77",B100000902,서울강동초등학교,B,elementary
100005527,"서울특별시 강동구 상일로 74-1",B100005527,서울강명초등학교,B,elementary
100001007,"서울특별시 양천구 오목로 31",B100001007,서울강서초등학교,B,elementary
100006385,"서울특별시 강동구 고덕로97길 80",B100006385,서울강솔초등학교,B,elementary
100001008,"서울특별시 양천구 월정로 280",B100001008,서울강신초등학교,B,elementary
100001009,"서울특별시 양천구 신월로 97",B100001009,서울강월초등학교,B,elementary
100000903,"서울특별시 강동구 아리수로98길 24",B100000903,서울강일초등학교,B,elementary
100005503,"서울특별시 송파구 문정로 211",B100005503,서울개롱초등학교,B,elementary
100001199,"서울특별시 구로구 개봉로1다길 16-9",B100001199,서울개명초등학교,B,elementary
100001200,"서울특별시 구로구 개봉로16길 30-11",B100001200,서울개봉초등학교,B,elementary
100002292,"서울특별시 성북구 정릉로48길 52",B100002292,서울개운초등학교,B,elementary
100001201,"서울특별시 구로구 개봉로11길 98",B100001201,서울개웅초등학교,B,elementary
100000737,"서울특별시 강남구 선릉로 29",B100000737,서울개원초등학교,B,elementary
100000738,"서울특별시 강남구 개포로 401",B100000738,서울개일초등학교,B,elementary
100000739,"서울특별시 강남구 영동대로3길 45",B100000739,서울개포초등학교,B,elementary
100001010,"서울특별시 강서구 양천로 11",B100001010,서울개화초등학교,B,elementary
100000904,"서울특별시 송파구 마천로25길 18",B100000904,서울거여초등학교,B,elementary
100000905,"서울특별시 송파구 양산로2길 26",B100000905,서울거원초등학교,B,elementary
100002164,"서울특별시 성동구 성수일로 34",B100002164,서울경동초등학교,B,elementary
100002165,"서울특별시 성동구 뚝섬로13길 22",B100002165,서울경수초등학교,B,elementary
100001011,"서울특별시 양천구 안양천로 1009",B100001011,서울경인초등학교,B,elementary
100002166,"서울특별시 성동구 뚝섬로 332",B100002166,서울경일초등학교,B,elementary
100001012,"서울특별시 양천구 목동동로2길 54",B100001012,서울계남초등학교,B,elementary
100001735,"서울특별시 노원구 한글비석로41가길 24",B100001735,서울계상초등학교,B,elementary
100000906,"서울특별시 강동구 아리수로82길 42",B100000906,서울고덕초등학교,B,elementary
100000907,"서울특별시 강동구 고덕로46길 53",B100000907,서울고명초등학교,B,elementary
100001202,"서울특별시 구로구 중앙로 6",B100001202,서울고산초등학교,B,elementary
100005214,"서울특별시 구로구 경인로46길 13",B100005214,서울고원초등학교,B,elementary
100001969,"서울 서대문구 모래내로 441",B100001969,서울고은초등학교,B,elementary
100000908,"서울특별시 강동구 구천면로93길 20",B100000908,서울고일초등학교,B,elementary
100001203,"서울특별시 구로구 경서로 31",B100001203,서울고척초등학교,B,elementary
100001970,"서울 마포구 만리재옛길 13",B100001970,서울공덕초등학교,B,elementary
100001736,"서울특별시 노원구 동일로173길 12",B100001736,서울공릉초등학교,B,elementary
100001737,"서울특별시 노원구 동일로192가길 16",B100001737,서울공연초등학교,B,elementary
100001013,"서울특별시 강서구 마곡서로 33",B100001013,서울공진초등학교,B,elementary
100001014,"서울특별시 강서구 마곡서1로 68 ",B100001014,서울공항초등학교,B,elementary
100001577,"서울 관악구 청룡4길 49",B100001577,서울관악초등학교,B,elementary
100002167,"서울특별시 광진구 아차산로70길 35",B100002167,서울광남초등학교,B,elementary
100002168,"서울특별시 광진구 광장로1길 27",B100002168,서울광장초등학교,B,elementary
100005203,"서울특별시 광진구 자양로40길 41",B100005203,서울광진초등학교,B,elementary
100002369,"서울특별시 중구 다산로 269",B100002369,서울광희초등학교,B,elementary
100002370,"서울특별시 종로구 삼일대로 446",B100002370,서울교동초등학교,B,elementary
3511,"서울특별시 서초구 서초중앙로 96",A000003511,서울교육대학교부설초등학교,A,elementary
100002169,"서울특별시 광진구 구의강변로 69",B100002169,서울구남초등학교,B,elementary
100001204,"서울특별시 구로구 디지털로27길 76",B100001204,서울구로남초등학교,B,elementary
100001205,"서울특별시 구로구 구로중앙로27나길 9",B100001205,서울구로초등학교,B,elementary
100000741,"서울특별시 강남구 개포로 263",B100000741,서울구룡초등학교,B,elementary
100001971,"서울 은평구 서오릉로15길 16",B100001971,서울구산초등학교,B,elementary
100001578,"서울특별시 관악구 구암길 1",B100001578,서울구암초등학교,B,elementary
100002170,"서울특별시 광진구 광나루로30길 49",B100002170,서울구의초등학교,B,elementary
100001206,"서울특별시 구로구 구일로 68",B100001206,서울구일초등학교,B,elementary
100005577,"서울특별시 은평구 갈현로15길 51",B100005577,서울구현초등학교,B,elementary
100001397,"서울특별시 동대문구 한천로6길 21",B100001397,서울군자초등학교,B,elementary
100006386,"서울특별시 금천구 시흥대로79길 37",B100006386,서울금나래초등학교,B,elementary
100005177,"서울특별시 금천구 금하로30길 53",B100005177,서울금동초등학교,B,elementary
100002171,"서울특별시 성동구 행당로1길 13",B100002171,서울금북초등학교,B,elementary
100001207,"서울특별시 금천구 시흥대로24길 57",B100001207,서울금산초등학교,B,elementary
100002371,"서울특별시 용산구 효창원로 137",B100002371,서울금양초등학교,B,elementary
100002172,"서울특별시 성동구 독서당로 251",B100002172,서울금옥초등학교,B,elementary
100001208,"서울특별시 금천구 탑골로5길 60",B100001208,서울금천초등학교,B,elementary
100002173,"서울특별시 성동구 무수막길 69",B100002173,서울금호초등학교,B,elementary
100001972,"서울특별시 서대문구 통일로 165",B100001972,서울금화초등학교,B,elementary
100000909,"서울특별시 강동구 양재대로116길 69",B100000909,서울길동초등학교,B,elementary
100005272,"서울특별시 성북구 길음로15길 55",B100005272,서울길원초등학교,B,elementary
100002293,"서울특별시 성북구 길음로 142",B100002293,서울길음초등학교,B,elementary
100001579,"서울특별시 관악구 난곡로35길 102",B100001579,서울난곡초등학교,B,elementary
100001580,"서울특별시 관악구 난우길 40",B100001580,서울난우초등학교,B,elementary
100001581,"서울특별시 관악구 난향길 9",B100001581,서울난향초등학교,B,elementary
100001015,"서울특별시 양천구 중앙로23길 3",B100001015,서울남명초등학교,B,elementary
100001582,"서울특별시 관악구 남부순환로163길 14",B100001582,서울남부초등학교,B,elementary
100001583,"서울특별시 동작구 동작대로13길 22",B100001583,서울남사초등학교,B,elementary
100002372,"서울특별시 중구 퇴계로22길 17",B100002372,서울남산초등학교,B,elementary
100001584,"서울특별시 동작구 사당로23길 57-14",B100001584,서울남성초등학교,B,elementary
100002373,"서울특별시 용산구 원효로64길 17-10",B100002373,서울남정초등학교,B,elementary
100000910,"서울특별시 송파구 성내천로 207",B100000910,서울남천초등학교,B,elementary
100001016,"서울특별시 강서구 강서로46길 23",B100001016,서울내발산초등학교,B,elementary
100001585,"서울특별시 동작구 장승배기로 160",B100001585,서울노량진초등학교,B,elementary
100001738,"서울특별시 노원구 동일로230나길 32",B100001738,서울노원초등학교,B,elementary
100001739,"서울특별시 노원구 동일로 1625",B100001739,서울노일초등학교,B,elementary
100001973,"서울 은평구 녹번로1길 1",B100001973,서울녹번초등학교,B,elementary
100001740,"서울특별시 노원구 마들로3길 34",B100001740,서울녹천초등학교,B,elementary
100000742,"서울특별시 강남구 강남대로120길 33",B100000742,서울논현초등학교,B,elementary
100001741,"서울특별시 도봉구 마들로 859-44",B100001741,서울누원초등학교,B,elementary
100001398,"서울특별시 동대문구 전농로3길 23",B100001398,서울답십리초등학교,B,elementary
100001586,"서울특별시 관악구 보라매로2길 23",B100001586,서울당곡초등학교,B,elementary
100001209,"서울특별시 영등포구 선유로55길 32",B100001209,서울당산초등학교,B,elementary
100001210,"서울특별시 영등포구 당산로 187",B100001210,서울당서초등학교,B,elementary
100001211,"서울특별시 영등포구 선유로 131",B100001211,서울당중초등학교,B,elementary
100001742,"서울특별시 노원구 동일로213길 52",B100001742,서울당현초등학교,B,elementary
100000743,"서울특별시 강남구 남부순환로 3022",B100000743,서울대곡초등학교,B,elementary
100001212,"서울특별시 영등포구 대방천로 206",B100001212,서울대길초등학교,B,elementary
100000744,"서울특별시 강남구 선릉로 209",B100000744,서울대도초등학교,B,elementary
100001213,"서울특별시 영등포구 대림로21길 6",B100001213,서울대동초등학교,B,elementary
100001587,"서울특별시 동작구 대방동1길 22",B100001587,서울대림초등학교,B,elementary
100000911,"서울특별시 강동구 상암로 271",B100000911,서울대명초등학교,B,elementary
100000745,"서울특별시 강남구 광평로20길 27",B100000745,서울대모초등학교,B,elementary
100001214,"서울특별시 영등포구 여의대방로35길 14",B100001214,서울대방초등학교,B,elementary
100001974,"서울 서대문구 이화여대2길 27",B100001974,서울대신초등학교,B,elementary
100001215,"서울특별시 영등포구 신길로23길 43",B100001215,서울대영초등학교,B,elementary
100000746,"서울특별시 강남구 헌릉로618길 8",B100000746,서울대왕초등학교,B,elementary
100001975,"서울특별시 은평구 통일로69길 12-15",B100001975,서울대은초등학교,B,elementary
100001976,"서울특별시 은평구 연서로18길 17",B100001976,서울대조초등학교,B,elementary
100000747,"서울특별시 강남구 개포로109길 74",B100000747,서울대진초등학교,B,elementary
100000748,"서울특별시 강남구 양재대로55길 28",B100000748,서울대청초등학교,B,elementary
100000749,"서울특별시 강남구 양재천로 363",B100000749,서울대치초등학교,B,elementary
3563,"서울특별시 종로구 대학로 64",A000003563,서울대학교사범대학부설초등학교,A,elementary
100000750,"서울특별시 강남구 역삼로98길 16",B100000750,서울대현초등학교,B,elementary
100002375,"서울특별시 중구 덕수궁길 140",B100002375,서울덕수초등학교,B,elementary
100005178,"서울특별시 노원구 덕릉로112길 68",B100005178,서울덕암초등학교,B,elementary
100001216,"서울특별시 구로구 고척로 213",B100001216,서울덕의초등학교,B,elementary
100000751,"서울특별시 강남구 선릉로64길 33",B100000751,서울도곡초등학교,B,elementary
100001217,"서울특별시 영등포구 가마산로65길 22",B100001217,서울도림초등학교,B,elementary
100001743,"서울특별시 도봉구 도봉로173길 96",B100001743,서울도봉초등학교,B,elementary
100000752,"서울특별시 강남구 역삼로 313",B100000752,서울도성초등학교,B,elementary
100001218,"서울특별시 영등포구 도림로53길 32-9",B100001218,서울도신초등학교,B,elementary
100002376,"서울특별시 종로구 통일로12길 23",B100002376,서울독립문초등학교,B,elementary
100001219,"서울특별시 금천구 시흥대로104길 31",B100001219,서울독산초등학교,B,elementary
100002294,"서울특별시 성북구 동소문로13길 38",B100002294,서울돈암초등학교,B,elementary
100001977,"서울특별시 마포구 월드컵로25길 86",B100001977,서울동교초등학교,B,elementary
100001220,"서울특별시 구로구 구로중앙로14길 43",B100001220,서울동구로초등학교,B,elementary
100001399,"서울특별시 동대문구 답십리로60길 12",B100001399,서울동답초등학교,B,elementary
100002174,"서울특별시 성동구 마장로29길 29",B100002174,서울동명초등학교,B,elementary
100002295,"서울특별시 성북구 보문사길 50",B100002295,서울동신초등학교,B,elementary
100001400,"서울특별시 중랑구 송림길 114",B100001400,서울동원초등학교,B,elementary
100002175,"서울특별시 광진구 영화사로 111",B100002175,서울동의초등학교,B,elementary
100001744,"서울특별시 노원구 한글비석로 566",B100001744,서울동일초등학교,B,elementary
100002176,"서울특별시 광진구 뚝섬로 561",B100002176,서울동자초등학교,B,elementary
100001588,"서울특별시 동작구 동작대로29길 214",B100001588,서울동작초등학교,B,elementary
100005551,"서울특별시 성동구 동호로5길 133",B100005551,서울동호초등학교,B,elementary
100001221,"서울특별시 금천구 범안로11길 3",B100001221,서울두산초등학교,B,elementary
100000912,"서울특별시 강동구 양재대로88길 27",B100000912,서울둔촌초등학교,B,elementary
100005546,"서울특별시 강서구 등촌로35길 12",B100005546,서울등마초등학교,B,elementary
100001017,"서울특별시 강서구 강서로56나길 34",B100001017,서울등명초등학교,B,elementary
100001018,"서울특별시 강서구 화곡로58길 86",B100001018,서울등서초등학교,B,elementary
100001019,"서울특별시 강서구 강서로56나길 140",B100001019,서울등양초등학교,B,elementary
100001020,"서울특별시 강서구 화곡로65길 90",B100001020,서울등원초등학교,B,elementary
100001021,"서울특별시 강서구 등촌로39길 71",B100001021,서울등촌초등학교,B,elementary
100001022,"서울특별시 강서구 화곡로65길 124",B100001022,서울등현초등학교,B,elementary
100005244,"서울특별시 성동구 마장로35나길 31",B100005244,서울마장초등학교,B,elementary
100000913,"서울특별시 송파구 마천로61다길 24",B100000913,서울마천초등학교,B,elementary
100001978,"서울특별시 마포구 도화2길 64",B100001978,서울마포초등학교,B,elementary
100001401,"서울특별시 중랑구 망우로72길 49",B100001401,서울망우초등학교,B,elementary
100001979,"서울 마포구 방울내로5길 28",B100001979,서울망원초등학교,B,elementary
100002377,"서울특별시 종로구 사직로9길 19",B100002377,서울매동초등학교,B,elementary
100001222,"서울특별시 구로구 고척로21길 55",B100001222,서울매봉초등학교,B,elementary
100005495,"서울특별시 서초구 언남길 8",B100005495,서울매헌초등학교,B,elementary
100001402,"서울특별시 중랑구 면목로30나길 38",B100001402,서울면남초등학교,B,elementary
100001403,"서울특별시 중랑구 면목로57길 32",B100001403,서울면동초등학교,B,elementary
100001404,"서울특별시 중랑구 면목로 434",B100001404,서울면목초등학교,B,elementary
100001405,"서울특별시 중랑구 용마공원로5길 32",B100001405,서울면북초등학교,B,elementary
100001406,"서울특별시 중랑구 용마산로100길 13",B100001406,서울면일초등학교,B,elementary
100001407,"서울특별시 중랑구 용마산로70길 43",B100001407,서울면중초등학교,B,elementary
100000914,"서울특별시 강동구 양재대로156길 11",B100000914,서울명덕초등학교,B,elementary
100002378,"서울특별시 종로구 낙산길 250",B100002378,서울명신초등학교,B,elementary
100000915,"서울특별시 강동구 명일로 364",B100000915,서울명원초등학교,B,elementary
100000916,"서울특별시 강동구 고덕로38길 8",B100000916,서울명일초등학교,B,elementary
100001023,"서울특별시 양천구 목동동로12길 12",B100001023,서울목동초등학교,B,elementary
100005507,"서울특별시 양천구 목동동로 235",B100005507,서울목운초등학교,B,elementary
100001024,"서울특별시 양천구 목동중앙로 204",B100001024,서울목원초등학교,B,elementary
100000917,"서울특별시 강동구 동남로79길 46",B100000917,서울묘곡초등학교,B,elementary
100002177,"서울특별시 성동구 무학봉15길 21",B100002177,서울무학초등학교,B,elementary
100001408,"서울특별시 중랑구 동일로138길 27",B100001408,서울묵동초등학교,B,elementary
100005236,"서울특별시 중랑구 동일로157길 75",B100005236,서울묵현초등학교,B,elementary
100001223,"서울특별시 금천구 독산로54길 102",B100001223,서울문교초등학교,B,elementary
100000918,"서울특별시 송파구 송이로34길 60",B100000918,서울문덕초등학교,B,elementary
100001224,"서울특별시 영등포구 문래로 104",B100001224,서울문래초등학교,B,elementary
100001225,"서울특별시 금천구 시흥대로47길 43-1",B100001225,서울문백초등학교,B,elementary
100001226,"서울특별시 금천구 시흥대로 460",B100001226,서울문성초등학교,B,elementary
100000919,"서울특별시 송파구 문정로5길 20",B100000919,서울문정초등학교,B,elementary
100001589,"서울특별시 동작구 신대방2길 14",B100001589,서울문창초등학교,B,elementary
100005386,"서울특별시 송파구 충민로 137",B100005386,서울문현초등학교,B,elementary
100001980,"서울특별시 서대문구 충정로 52",B100001980,서울미동초등학교,B,elementary
100001227,"서울특별시 구로구 새말로 73",B100001227,서울미래초등학교,B,elementary
100001590,"서울특별시 관악구 문성로 79",B100001590,서울미성초등학교,B,elementary
100002296,"서울특별시 성북구 삼양로 77",B100002296,서울미아초등학교,B,elementary
100002297,"서울특별시 강북구 솔샘로 195",B100002297,서울미양초등학교,B,elementary
100000753,"서울특별시 서초구 잠원로3길 28",B100000753,서울반원초등학교,B,elementary
100000754,"서울특별시 서초구 신반포로 55-4",B100000754,서울반포초등학교,B,elementary
100001025,"서울특별시 강서구 강서로45길 113",B100001025,서울발산초등학교,B,elementary
100000755,"서울특별시 서초구 방배중앙로13길 26",B100000755,서울방배초등학교,B,elementary
100000920,"서울특별시 송파구 오금로27길 42",B100000920,서울방산초등학교,B,elementary
100000921,"서울특별시 송파구 위례성대로10길 4",B100000921,서울방이초등학교,B,elementary
100000756,"서울특별시 서초구 방배로18길 52",B100000756,서울방일초등학교,B,elementary
100001745,"서울특별시 도봉구 도당로9길 34",B100001745,서울방학초등학교,B,elementary
100000757,"서울특별시 서초구 효령로4길 58",B100000757,서울방현초등학교,B,elementary
100001026,"서울특별시 강서구 양천로6길 92",B100001026,서울방화초등학교,B,elementary
100001409,"서울특별시 동대문구 사가정로 193",B100001409,서울배봉초등학교,B,elementary
100001228,"서울특별시 금천구 시흥대로38길 78",B100001228,서울백산초등학교,B,elementary
100001027,"서울특별시 강서구 공항대로 491",B100001027,서울백석초등학교,B,elementary
100001746,"서울특별시 도봉구 삼양로146길 17",B100001746,서울백운초등학교,B,elementary
100005384,"서울특별시 송파구 석촌호수로 81",B100005384,서울버들초등학교,B,elementary
100002298,"서울특별시 강북구 오현로 204",B100002298,서울번동초등학교,B,elementary
100002379,"서울특별시 용산구 우사단로 20",B100002379,서울보광초등학교,B,elementary
100005251,"서울특별시 동작구 여의대방로16길 30",B100005251,서울보라매초등학교,B,elementary
100001591,"서울특별시 동작구 노량진로26길 16-40",B100001591,서울본동초등학교,B,elementary
100002380,"서울특별시 중구 손기정로 73",B100002380,서울봉래초등학교,B,elementary
100000758,"서울특별시 강남구 학동로 610",B100000758,서울봉은초등학교,B,elementary
100001592,"서울특별시 관악구 행운1라길 17",B100001592,서울봉천초등학교,B,elementary
100005179,"서울특별시 관악구 성현로 117",B100005179,서울봉현초등학교,B,elementary
100001410,"서울특별시 중랑구 신내로15길 110",B100001410,서울봉화초등학교,B,elementary
100001981,"서울특별시 서대문구 거북골로19길 20",B100001981,서울북가좌초등학교,B,elementary
100001982,"서울특별시 서대문구 북아현로1나길",B100001982,서울북성초등학교,B,elementary
100001983,"서울특별시 은평구 대서문길 42-3",B100001983,서울북한산초등학교,B,elementary
100001984,"서울특별시 은평구 불광로 51",B100001984,서울불광초등학교,B,elementary
100001747,"서울특별시 노원구 중계로 178",B100001747,서울불암초등학교,B,elementary
100002178,"서울특별시 성동구 사근동11길 16",B100002178,서울사근초등학교,B,elementary
100001593,"서울특별시 관악구 남현4길 51",B100001593,서울사당초등학교,B,elementary
100002299,"서울특별시 강북구 삼양로19길 141",B100002299,서울삼각산초등학교,B,elementary
100002381,"서울특별시 용산구 두텁바위로1나길 19",B100002381,서울삼광초등학교,B,elementary
100000759,"서울특별시 강남구 봉은사로63길 22",B100000759,서울삼릉초등학교,B,elementary
100002300,"서울특별시 성북구 보문로29길 106",B100002300,서울삼선초등학교,B,elementary
100001594,"서울특별시 관악구 대학7길 52",B100001594,서울삼성초등학교,B,elementary
100002301,"서울특별시 강북구 삼양로49길 17",B100002301,서울삼양초등학교,B,elementary
100001396,"서울특별시 동대문구 회기로10길 63",B100001396,서울삼육초등학교,B,elementary
100005387,"서울특별시 동작구 사당로23나길 27",B100005387,서울삼일초등학교,B,elementary
100000922,"서울특별시 송파구 백제고분로28길 19",B100000922,서울삼전초등학교,B,elementary
100001028,"서울특별시 강서구 금낭화로 222",B100001028,서울삼정초등학교,B,elementary
100001748,"서울특별시 노원구 수락산로 237",B100001748,서울상경초등학교,B,elementary
100001749,"서울특별시 노원구 상계로9길 39",B100001749,서울상계초등학교,B,elementary
100001750,"서울특별시 노원구 노원로38길 34",B100001750,서울상곡초등학교,B,elementary
100001595,"서울특별시 동작구 성대로21길 62",B100001595,서울상도초등학교,B,elementary
100001411,"서울특별시 중랑구 동일로126가길 11",B100001411,서울상봉초등학교,B,elementary
100001751,"서울특별시 노원구 동일로216길 66",B100001751,서울상수초등학교,B,elementary
100001985,"서울특별시 은평구 가좌로 361",B100001985,서울상신초등학교,B,elementary
100001986,"서울특별시 마포구 월드컵북로 353",B100001986,서울상암초등학교,B,elementary
100001752,"서울특별시 노원구 한글비석로54길 119",B100001752,서울상원초등학교,B,elementary
100001753,"서울특별시 노원구 동일로221길 27",B100001753,서울상월초등학교,B,elementary
100000923,"서울특별시 강동구 천호대로 1477",B100000923,서울상일초등학교,B,elementary
100005370,"서울특별시 마포구 월드컵로42길 30",B100005370,서울상지초등학교,B,elementary
100001754,"서울특별시 노원구 덕릉로 443",B100001754,서울상천초등학교,B,elementary
100005567,"서울특별시 동작구 상도로58길 21",B100005567,서울상현초등학교,B,elementary
100005606,"서울특별시 중랑구 신내역로1길 164",B100005606,서울새솔초등학교,B,elementary
100001987,"서울특별시 마포구 독막로 113",B100001987,서울서강초등학교,B,elementary
100001988,"서울특별시 마포구 와우산로23길 20-27",B100001988,서울서교초등학교,B,elementary
100000760,"서울특별시 서초구 방배로 260",B100000760,서울서래초등학교,B,elementary
100002382,"서울특별시 용산구 서빙고로51길 14",B100002382,서울서빙고초등학교,B,elementary
100005247,"서울특별시 은평구 은평터널로 150",B100005247,서울서신초등학교,B,elementary
100000761,"서울특별시 서초구 고무래로 63",B100000761,서울서원초등학교,B,elementary
100000762,"서울특별시 서초구 서운로 35",B100000762,서울서이초등학교,B,elementary
100000763,"서울특별시 서초구 남부순환로339길 38",B100000763,서울서일초등학교,B,elementary
100001029,"서울특별시 양천구 목동로8길 19",B100001029,서울서정초등학교,B,elementary
100000764,"서울특별시 서초구 서운로 178",B100000764,서울서초초등학교,B,elementary
100005249,"서울특별시 성북구 한천로58길 273",B100005249,서울석계초등학교,B,elementary
100002302,"서울특별시 성북구 돌곶이로22길 21",B100002302,서울석관초등학교,B,elementary
100000924,"서울특별시 송파구 가락로11길 26",B100000924,서울석촌초등학교,B,elementary
100001755,"서울특별시 노원구 광운로2길 1",B100001755,서울선곡초등학교,B,elementary
100000925,"서울특별시 강동구 진황도로61길 29",B100000925,서울선린초등학교,B,elementary
100000926,"서울특별시 강동구 올림픽로 837",B100000926,서울선사초등학교,B,elementary
100005372,"서울특별시 영등포구 선유로43가길 14",B100005372,서울선유초등학교,B,elementary
100000927,"서울특별시 강동구 성내로3길 19",B100000927,서울성내초등학교,B,elementary
100002303,"서울특별시 성북구 성북로 102-10",B100002303,서울성북초등학교,B,elementary
100001989,"서울특별시 마포구 양화로3길 94",B100001989,서울성산초등학교,B,elementary
100001990,"서울특별시 마포구 성미산로7길 24",B100001990,서울성서초등학교,B,elementary
100002179,"서울특별시 성동구 아차산로17길 21",B100002179,서울성수초등학교,B,elementary
100001991,"서울특별시 마포구 월드컵로36길 34",B100001991,서울성원초등학교,B,elementary
100000928,"서울특별시 강동구 성내로15길 33",B100000928,서울성일초등학교,B,elementary
100002180,"서울특별시 광진구 뚝섬로56길 7",B100002180,서울성자초등학교,B,elementary
100002383,"서울특별시 종로구 세검정로9길 1",B100002383,서울세검정초등학교,B,elementary
100001229,"서울특별시 구로구 고척로33길 34",B100001229,서울세곡초등학교,B,elementary
100000929,"서울특별시 송파구 양재대로 1264",B100000929,서울세륜초등학교,B,elementary
100005832,"서울특별시 강남구 자곡로 55",B100005832,서울세명초등학교,B,elementary
100001992,"서울특별시 마포구 마포대로24길 42",B100001992,서울소의초등학교,B,elementary
100006043,"서울특별시 송파구 위례순환로 439 ",B100006043,서울송례초등학교,B,elementary
100005513,"서울특별시 성동구 동일로43길 9",B100005513,서울송원초등학교,B,elementary
100000930,"서울특별시 송파구 석촌호수로 159",B100000930,서울송전초등학교,B,elementary
100001030,"서울특별시 강서구 공항대로3길 18",B100001030,서울송정초등학교,B,elementary
100002304,"서울특별시 강북구 오현로 9",B100002304,서울송중초등학교,B,elementary
100002305,"서울특별시 강북구 삼양로20길 29",B100002305,서울송천초등학교,B,elementary
100000931,"서울특별시 송파구 백제고분로 400",B100000931,서울송파초등학교,B,elementary
100001031,"서울특별시 강서구 방화대로34길 2",B100001031,서울송화초등학교,B,elementary
100001756,"서울특별시 노원구 동일로 1745",B100001756,서울수락초등학교,B,elementary
100005559,"서울특별시 은평구 불광로14길 10-10",B100005559,서울수리초등학교,B,elementary
100005496,"서울특별시 강서구 수명로1길 84",B100005496,서울수명초등학교,B,elementary
100001993,"서울특별시 은평구 수색로16길 21",B100001993,서울수색초등학교,B,elementary
100000765,"서울특별시 강남구 광평로51길 46",B100000765,서울수서초등학교,B,elementary
100002306,"서울특별시 강북구 한천로124길 14",B100002306,서울수송초등학교,B,elementary
100001757,"서울특별시 노원구 중계로12길 9",B100001757,서울수암초등학교,B,elementary
100002307,"서울특별시 강북구 삼양로74길 39",B100002307,서울수유초등학교,B,elementary
100002308,"서울특별시 성북구 종암로40길 30",B100002308,서울숭곡초등학교,B,elementary
100002309,"서울특별시 성북구 정릉로 279",B100002309,서울숭덕초등학교,B,elementary
100002310,"서울특별시 성북구 종암로5길 14",B100002310,서울숭례초등학교,B,elementary
100001758,"서울특별시 도봉구 노해로 179",B100001758,서울숭미초등학교,B,elementary
100002384,"서울특별시 성동구 마장로 161",B100002384,서울숭신초등학교,B,elementary
100002311,"서울특별시 성북구 오패산로16길 37",B100002311,서울숭인초등학교,B,elementary
100001230,"서울특별시 금천구 독산로23길 26",B100001230,서울시흥초등학교,B,elementary
100000932,"서울특별시 송파구 송이로 75",B100000932,서울신가초등학교,B,elementary
100001032,"서울특별시 양천구 중앙로55길 72",B100001032,서울신강초등학교,B,elementary
100001759,"서울특별시 노원구 초안산로 29",B100001759,서울신계초등학교,B,elementary
100001033,"서울특별시 강서구 등촌로13자길 42-14",B100001033,서울신곡초등학교,B,elementary
100001231,"서울특별시 구로구 가마산로27길 69",B100001231,서울신구로초등학교,B,elementary
100000766,"서울특별시 강남구 압구정로18길 28",B100000766,서울신구초등학교,B,elementary
100002495,"서울특별시 양천구 신정로 292",B100002495,서울신기초등학교,B,elementary
100001596,"서울특별시 동작구 알마타길 16",B100001596,서울신길초등학교,B,elementary
100001597,"서울특별시 동작구 사당로 146",B100001597,서울신남성초등학교,B,elementary
100001034,"서울 양천구 절골8길 33",B100001034,서울신남초등학교,B,elementary
100001412,"서울특별시 중랑구 용마산로125나길 22",B100001412,서울신내초등학교,B,elementary
100001413,"서울특별시 동대문구 천호대로 177",B100001413,서울신답초등학교,B,elementary
100005374,"서울특별시 중구 난계로 141",B100005374,서울신당초등학교,B,elementary
100001232,"서울특별시 영등포구 대림로8길 25",B100001232,서울신대림초등학교,B,elementary
100001233,"서울특별시 구로구 신도림로19길 44",B100001233,서울신도림초등학교,B,elementary
100001994,"서울특별시 은평구 진관1로 77-23",B100001994,서울신도초등학교,B,elementary
100000767,"서울특별시 서초구 나루터로 15",B100000767,서울신동초등학교,B,elementary
100001598,"서울특별시 관악구 문성로28길 31",B100001598,서울신림초등학교,B,elementary
100000933,"서울특별시 강동구 명일로24길 33",B100000933,서울신명초등학교,B,elementary
100001035,"서울특별시 양천구 신목로5길 11-6",B100001035,서울신목초등학교,B,elementary
100001414,"서울특별시 중랑구 동일로149길 46",B100001414,서울신묵초등학교,B,elementary
100001234,"서울특별시 구로구 신도림로 26",B100001234,서울신미림초등학교,B,elementary
100001760,"서울특별시 도봉구 시루봉로 173",B100001760,서울신방학초등학교,B,elementary
100001599,"서울특별시 관악구 양녕로6나길 1",B100001599,서울신봉초등학교,B,elementary
100001995,"서울특별시 마포구 월드컵북로38길 26",B100001995,서울신북초등학교,B,elementary
100001996,"서울특별시 은평구 가좌로 275-2",B100001996,서울신사초등학교,B,elementary
100001761,"서울특별시 노원구 상계로 267",B100001761,서울신상계초등학교,B,elementary
100001600,"서울특별시 동작구 장승배기로 14",B100001600,서울신상도초등학교,B,elementary
100001036,"서울특별시 양천구 목동서로10길 35",B100001036,서울신서초등학교,B,elementary
100001997,"서울특별시 마포구 대흥로 33",B100001997,서울신석초등학교,B,elementary
100001601,"서울특별시 관악구 신림로 114",B100001601,서울신성초등학교,B,elementary
100000934,"서울특별시 강동구 올림픽로93길 33-16",B100000934,서울신암초등학교,B,elementary
100002181,"서울특별시 광진구 능동로 42",B100002181,서울신양초등학교,B,elementary
100001235,"서울특별시 영등포구 도신로4길 32",B100001235,서울신영초등학교,B,elementary
100002385,"서울특별시 용산구 이촌로 255",B100002385,서울신용산초등학교,B,elementary
100001602,"서울특별시 관악구 호암로 498",B100001602,서울신우초등학교,B,elementary
100001037,"서울특별시 양천구 남부순환로58길 32",B100001037,서울신원초등학교,B,elementary
100001038,"서울특별시 강서구 강서로31길 48",B100001038,서울신월초등학교,B,elementary
100005548,"서울특별시 양천구 신정이펜2로 30",B100005548,서울신은초등학교,B,elementary
100002182,"서울특별시 광진구 뚝섬로46길 64",B100002182,서울신자초등학교,B,elementary
100001039,"서울특별시 강서구 곰달래로31가길 27",B100001039,서울신정초등학교,B,elementary
100000768,"서울특별시 서초구 남부순환로317길 15",B100000768,서울신중초등학교,B,elementary
100001762,"서울특별시 도봉구 덕릉로60길 93",B100001762,서울신창초등학교,B,elementary
100000935,"서울특별시 송파구 올림픽로 215",B100000935,서울신천초등학교,B,elementary
100001763,"서울특별시 도봉구 방학로 247-21",B100001763,서울신학초등학교,B,elementary
100001415,"서울특별시 중랑구 봉화산로 188",B100001415,서울신현초등학교,B,elementary
100001764,"서울특별시 도봉구 우이천로 120",B100001764,서울신화초등학교,B,elementary
100001236,"서울특별시 금천구 독산로36나길 21",B100001236,서울신흥초등학교,B,elementary
100001765,"서울특별시 도봉구 우이천로 360",B100001765,서울쌍문초등학교,B,elementary
100000936,"서울특별시 송파구 올림픽로4길 59",B100000936,서울아주초등학교,B,elementary
100001998,"서울특별시 마포구 굴레방로 6",B100001998,서울아현초등학교,B,elementary
100001999,"서울특별시 서대문구 통일로 321",B100001999,서울안산초등학교,B,elementary
100002312,"서울특별시 성북구 인촌로7가길 39",B100002312,서울안암초등학교,B,elementary
100001237,"서울특별시 금천구 한내로 69-16",B100001237,서울안천초등학교,B,elementary
100001416,"서울특별시 동대문구 장한로14길 61",B100001416,서울안평초등학교,B,elementary
100000769,"서울특별시 강남구 압구정로39길 29",B100000769,서울압구정초등학교,B,elementary
100001040,"서울특별시 양천구 오목로 101",B100001040,서울양강초등학교,B,elementary
100002183,"서울특별시 광진구 뚝섬로64길 71",B100002183,서울양남초등학교,B,elementary
100001041,"서울특별시 양천구 오목로23길 24",B100001041,서울양동초등학교,B,elementary
100001042,"서울특별시 양천구 중앙로 204",B100001042,서울양명초등학교,B,elementary
100001043,"서울특별시 양천구 목동로11길 30",B100001043,서울양목초등학교,B,elementary
100001044,"서울특별시 양천구 화곡로 16",B100001044,서울양원초등학교,B,elementary
100000770,"서울특별시 서초구 바우뫼로18길 14",B100000770,서울양재초등학교,B,elementary
100000771,"서울특별시 강남구 개포로 513",B100000771,서울양전초등학교,B,elementary
100005241,"서울특별시 광진구 워커힐로 32",B100005241,서울양진초등학교,B,elementary
100001045,"서울특별시 강서구 양천로 329",B100001045,서울양천초등학교,B,elementary
100001046,"서울특별시 양천구 목동중앙북로16길 57",B100001046,서울양화초등학교,B,elementary
100005601,"서울특별시 은평구 통일로 650",B100005601,서울어울초등학교,B,elementary
100000772,"서울특별시 서초구 헌릉로8길 42",B100000772,서울언남초등학교,B,elementary
100000773,"서울특별시 강남구 삼성로135길 42",B100000773,서울언북초등학교,B,elementary
100000774,"서울특별시 강남구 남부순환로363길 19",B100000774,서울언주초등학교,B,elementary
100001238,"서울특별시 영등포구 여의대방로 439",B100001238,서울여의도초등학교,B,elementary
100000775,"서울특별시 강남구 강남대로66길 21",B100000775,서울역삼초등학교,B,elementary
100002000,"서울특별시 은평구 은평로3길 25",B100002000,서울역촌초등학교,B,elementary
100002001,"서울특별시 서대문구 증가로12가길 49-50",B100002001,서울연가초등학교,B,elementary
100005213,"서울특별시 은평구 연서로35길 37",B100005213,서울연광초등학교,B,elementary
100002002,"서울특별시 은평구 연서로 347",B100002002,서울연신초등학교,B,elementary
100002003,"서울특별시 은평구 백련산로2길 35",B100002003,서울연은초등학교,B,elementary
100001766,"서울특별시 노원구 월계로55길 48",B100001766,서울연지초등학교,B,elementary
100002004,"서울특별시 은평구 연서로34길 22",B100002004,서울연천초등학교,B,elementary
100001767,"서울특별시 노원구 공릉로58길 36",B100001767,서울연촌초등학교,B,elementary
100002005,"서울 서대문구 연희로 136",B100002005,서울연희초등학교,B,elementary
100001047,"서울특별시 강서구 허준로 221-22",B100001047,서울염강초등학교,B,elementary
100005253,"서울특별시 강서구 양천로69길 49",B100005253,서울염경초등학교,B,elementary
100001048,"서울특별시 강서구 양천로73길 17",B100001048,서울염동초등학교,B,elementary
100002006,"서울특별시 마포구 토정로37길 37",B100002006,서울염리초등학교,B,elementary
100001049,"서울특별시 강서구 양천로 646-28",B100001049,서울염창초등학교,B,elementary
100001239,"서울특별시 금천구 문성로 62-15",B100001239,서울영남초등학교,B,elementary
100001050,"서울특별시 양천구 목동중앙로 70",B100001050,서울영도초등학교,B,elementary
100001240,"서울특별시 영등포구 국회대로53길 20",B100001240,서울영동초등학교,B,elementary
100001241,"서울특별시 영등포구 경인로 756",B100001241,서울영등포초등학교,B,elementary
100001242,"서울특별시 영등포구 시흥대로173길 14",B100001242,서울영림초등학교,B,elementary
100005254,"서울특별시 영등포구 문래로 56",B100005254,서울영문초등학교,B,elementary
100001603,"서울특별시 동작구 만양로12가길 69",B100001603,서울영본초등학교,B,elementary
100001243,"서울특별시 구로구 도림로20길 57",B100001243,서울영서초등학교,B,elementary
100001244,"서울특별시 영등포구 도신로60길 23",B100001244,서울영신초등학교,B,elementary
100001245,"서울특별시 영등포구 도영로 22길 31",B100001245,서울영원초등학교,B,elementary
100001246,"서울특별시 구로구 남부순환로105길 218",B100001246,서울영일초등학교,B,elementary
100001247,"서울특별시 영등포구 양산로 185",B100001247,서울영중초등학교,B,elementary
100000937,"서울특별시 송파구 오금로57길 15",B100000937,서울영풍초등학교,B,elementary
100001604,"서울특별시 동작구 등용로8길 3",B100001604,서울영화초등학교,B,elementary
100000776,"서울특별시 강남구 일원로 21",B100000776,서울영희초등학교,B,elementary
100000938,"서울특별시 송파구 위례성대로22길 11",B100000938,서울오금초등학교,B,elementary
100001248,"서울특별시 구로구 서해안로24길 22",B100001248,서울오류남초등학교,B,elementary
100001249,"서울특별시 구로구 경인로19길 39",B100001249,서울오류초등학교,B,elementary
100000939,"서울특별시 송파구 양재대로 1196",B100000939,서울오륜초등학교,B,elementary
100001768,"서울특별시 도봉구 시루봉로 285",B100001768,서울오봉초등학교,B,elementary
100001250,"서울특별시 구로구 경인로2길 10",B100001250,서울오정초등학교,B,elementary
100002313,"서울특별시 강북구 월계로 221",B100002313,서울오현초등학교,B,elementary
100002184,"서울특별시 성동구 금호로1길 25",B100002184,서울옥수초등학교,B,elementary
100002185,"서울특별시 성동구 한림말길 43",B100002185,서울옥정초등학교,B,elementary
100001769,"서울특별시 노원구 한글비석로52길 59",B100001769,서울온곡초등학교,B,elementary
100001251,"서울특별시 구로구 부일로 893",B100001251,서울온수초등학교,B,elementary
100000777,"서울특별시 강남구 광평로31길 74",B100000777,서울왕북초등학교,B,elementary
100002007,"서울특별시 마포구 백범로17길 9",B100002007,서울용강초등학교,B,elementary
100002186,"서울특별시 광진구 용마산로22길 82",B100002186,서울용곡초등학교,B,elementary
100002187,"서울특별시 성동구 용답25길 1",B100002187,서울용답초등학교,B,elementary
100001770,"서울특별시 노원구 한글비석로1길 81-11",B100001770,서울용동초등학교,B,elementary
100001417,"서울특별시 동대문구 천호대로13길 43",B100001417,서울용두초등학교,B,elementary
100002188,"서울특별시 광진구 천호대로113길 10",B100002188,서울용마초등학교,B,elementary
100002386,"서울 용산구 한강대로57길 33",B100002386,서울용산초등학교,B,elementary
100002387,"서울특별시 용산구 녹사평대로60길 39",B100002387,서울용암초등학교,B,elementary
100001771,"서울특별시 노원구 섬밭로 144",B100001771,서울용원초등학교,B,elementary
100005549,"서울특별시 서초구 태봉로",B100005549,서울우면초등학교,B,elementary
100005830,"서울특별시 서초구 양재대로2길 74",B100005830,서울우솔초등학교,B,elementary
100001252,"서울특별시 영등포구 신길로 190",B100001252,서울우신초등학교,B,elementary
100000778,"서울특별시 서초구 바우뫼로7길 38",B100000778,서울우암초등학교,B,elementary
100002314,"서울특별시 강북구 삼양로99길 36",B100002314,서울우이초등학교,B,elementary
100001051,"서울특별시 강서구 화곡로 263",B100001051,서울우장초등학교,B,elementary
100001772,"서울특별시 노원구 덕릉로76길 18",B100001772,서울원광초등학교,B,elementary
100001605,"서울특별시 관악구 봉천로 505",B100001605,서울원당초등학교,B,elementary
100000779,"서울특별시 서초구 고무래로 90-6",B100000779,서울원명초등학교,B,elementary
100001418,"서울특별시 중랑구 숙선옹주로 109",B100001418,서울원묵초등학교,B,elementary
100001606,"서울특별시 관악구 광신길 177",B100001606,서울원신초등학교,B,elementary
100000780,"서울특별시 서초구 사평대로45길 26",B100000780,서울원촌초등학교,B,elementary
100002388,"서울특별시 용산구 효창원로13길 38",B100002388,서울원효초등학교,B,elementary
100001773,"서울특별시 노원구 월계로45가길 10",B100001773,서울월계초등학교,B,elementary
100002315,"서울특별시 성북구 장월로3길 42",B100002315,서울월곡초등학교,B,elementary
100001052,"서울특별시 강서구 월정로 176",B100001052,서울월정초등학교,B,elementary
100001774,"서울특별시 도봉구 노해로70길 96",B100001774,서울월천초등학교,B,elementary
100001053,"서울특별시 양천구 목동중앙로 132",B100001053,서울월촌초등학교,B,elementary
100006211,"서울특별시 송파구 위례광장로 243",B100006211,서울위례별초등학교,B,elementary
100000940,"서울특별시 강동구 명일로 23",B100000940,서울위례초등학교,B,elementary
100002316,"서울특별시 강북구 인수봉로37길 24",B100002316,서울유현초등학교,B,elementary
100001253,"서울특별시 영등포구 여의나루로2길 14",B100001253,서울윤중초등학교,B,elementary
100005828,"서울특별시 강남구 밤고개로21길 15",B100005828,서울율현초등학교,B,elementary
100001607,"서울특별시 동작구 서달로 115",B100001607,서울은로초등학교,B,elementary
100005502,"서울특별시 은평구 은평로4길 21-9",B100005502,서울은명초등학교,B,elementary
100005557,"서울특별시 은평구 진관3로 73-17",B100005557,서울은빛초등학교,B,elementary
100001054,"서울특별시 양천구 목동남로 85",B100001054,서울은정초등학교,B,elementary
100005581,"서울특별시 은평구 진관1로 21-20",B100005581,서울은진초등학교,B,elementary
100001608,"서울특별시 관악구 은천로 69",B100001608,서울은천초등학교,B,elementary
100002008,"서울특별시 은평구 은평로 239",B100002008,서울은평초등학교,B,elementary
100001775,"서울특별시 노원구 중계로 239",B100001775,서울을지초등학교,B,elementary
100002189,"서울특별시 성동구 독서당로62길 28",B100002189,서울응봉초등학교,B,elementary
100002009,"서울특별시 은평구 가좌로6길 20",B100002009,서울응암초등학교,B,elementary
100001419,"서울특별시 동대문구 신이문로 16",B100001419,서울이문초등학교,B,elementary
100000781,"서울특별시 서초구 방배천로4길 23",B100000781,서울이수초등학교,B,elementary
100002389,"서울특별시 용산구 녹사평대로40길 19",B100002389,서울이태원초등학교,B,elementary
100002317,"서울특별시 강북구 인수봉로 269",B100002317,서울인수초등학교,B,elementary
100002010,"서울특별시 서대문구 세무서길 33-9",B100002010,서울인왕초등학교,B,elementary
100001609,"서울특별시 관악구 낙성대로 23",B100001609,서울인헌초등학교,B,elementary
100002318,"서울특별시 성북구 월곡로 74",B100002318,서울일신초등학교,B,elementary
100000782,"서울특별시 강남구 영동대로4길 20",B100000782,서울일원초등학교,B,elementary
100005831,"서울특별시 강남구 자곡로 150",B100005831,서울자곡초등학교,B,elementary
100002190,"서울특별시 광진구 아차산로44길 26",B100002190,서울자양초등학교,B,elementary
100001776,"서울특별시 도봉구 마들로13길 166",B100001776,서울자운초등학교,B,elementary
100000941,"서울특별시 송파구 올림픽로35길 122",B100000941,서울잠동초등학교,B,elementary
100000942,"서울특별시 송파구 잠실로 32",B100000942,서울잠신초등학교,B,elementary
100000943,"서울특별시 송파구 올림픽로35길 20",B100000943,서울잠실초등학교,B,elementary
100000783,"서울특별시 서초구 신반포로16길 15-25",B100000783,서울잠원초등학교,B,elementary
100000944,"서울특별시 송파구 올림픽로 95",B100000944,서울잠일초등학교,B,elementary
100000945,"서울특별시 송파구 올림픽로12길 51",B100000945,서울잠전초등학교,B,elementary
100005504,"서울특별시 송파구 올림픽로37길 109",B100005504,서울잠현초등학교,B,elementary
100002319,"서울특별시 성북구 장월로23길 16",B100002319,서울장곡초등학교,B,elementary
100005280,"서울특별시 양천구 신정로13가길 30",B100005280,서울장수초등학교,B,elementary
100002191,"서울특별시 광진구 군자로 74",B100002191,서울장안초등학교,B,elementary
100005282,"서울특별시 성북구 한천로101길 66",B100005282,서울장월초등학교,B,elementary
100002320,"서울특별시 성북구 장월로8가길 41",B100002320,서울장위초등학교,B,elementary
100002390,"서울특별시 중구 청구로17길 40",B100002390,서울장충초등학교,B,elementary
100001420,"서울특별시 동대문구 답십리로 ",B100001420,서울장평초등학교,B,elementary
100002391,"서울특별시 종로구 북촌로4길 7",B100002391,서울재동초등학교,B,elementary
100001421,"서울특별시 동대문구 전농로 172",B100001421,서울전곡초등학교,B,elementary
100001422,"서울특별시 동대문구 사가정로 66",B100001422,서울전농초등학교,B,elementary
100001423,"서울특별시 동대문구 전농로16길 61",B100001423,서울전동초등학교,B,elementary
100001055,"서울특별시 강서구 방화대로50길 22",B100001055,서울정곡초등학교,B,elementary
100002321,"서울특별시 성북구 아리랑로 63",B100002321,서울정덕초등학교,B,elementary
100002322,"서울특별시 성북구 솔샘로25가길 8",B100002322,서울정릉초등학교,B,elementary
100001056,"서울특별시 양천구 목동중앙로3길 30-10",B100001056,서울정목초등학교,B,elementary
100002323,"서울특별시 성북구 정릉로24길 58",B100002323,서울정수초등학교,B,elementary
100001254,"서울특별시 금천구 독산로78다길 89",B100001254,서울정심초등학교,B,elementary
100005257,"서울특별시 관악구 조원로 67",B100005257,서울조원초등학교,B,elementary
100001424,"서울특별시 동대문구 무학로44길 25",B100001424,서울종암초등학교,B,elementary
100001777,"서울특별시 노원구 한글비석로19길 39",B100001777,서울중계초등학교,B,elementary
100001425,"서울특별시 중랑구 면목로23길 20",B100001425,서울중곡초등학교,B,elementary
100002192,"서울특별시 광진구 긴고랑로13길 59",B100002192,서울중광초등학교,B,elementary
100000946,"서울특별시 송파구 송파대로36길 8",B100000946,서울중대초등학교,B,elementary
100002011,"서울특별시 마포구 월드컵북로 152",B100002011,서울중동초등학교,B,elementary
100001426,"서울특별시 중랑구 봉우재로6길 26",B100001426,서울중랑초등학교,B,elementary
100002193,"서울특별시 광진구 동일로72길 43",B100002193,서울중마초등학교,B,elementary
100001427,"서울특별시 중랑구 동일로 665",B100001427,서울중목초등학교,B,elementary
100001778,"서울특별시 노원구 섬밭로 316",B100001778,서울중원초등학교,B,elementary
100001779,"서울특별시 노원구 섬밭로 241",B100001779,서울중평초등학교,B,elementary
100001780,"서울특별시 노원구 섬밭로 181",B100001780,서울중현초등학교,B,elementary
100001428,"서울특별시 중랑구 신내로7가길 22",B100001428,서울중화초등학교,B,elementary
100001429,"서울특별시 중랑구 봉화산로 82",B100001429,서울중흥초등학교,B,elementary
100002012,"서울특별시 은평구 증산서길 61",B100002012,서울증산초등학교,B,elementary
100001057,"서울특별시 양천구 신정로11길 74",B100001057,서울지향초등학교,B,elementary
100005505,"서울특별시 은평구 진관4로 78-16",B100005505,서울진관초등학교,B,elementary
100001781,"서울특별시 도봉구 도봉로129길 54",B100001781,서울창경초등학교,B,elementary
100001782,"서울특별시 도봉구 방학로 32-28",B100001782,서울창도초등학교,B,elementary
100001783,"서울특별시 도봉구 해등로16길 81",B100001783,서울창동초등학교,B,elementary
100001784,"서울특별시 도봉구 덕릉로63길 46",B100001784,서울창림초등학교,B,elementary
100002013,"서울 서대문구 연세로5나길 30-3",B100002013,서울창서초등학교,B,elementary
100002392,"서울특별시 종로구 지봉로 73",B100002392,서울창신초등학교,B,elementary
100001785,"서울특별시 도봉구 해등로 103",B100001785,서울창원초등학교,B,elementary
100001786,"서울특별시 도봉구 노해로66길 84",B100001786,서울창일초등학교,B,elementary
100002014,"서울특별시 마포구 백범로1길 56",B100002014,서울창천초등학교,B,elementary
100000947,"서울특별시 강동구 성안로 200",B100000947,서울천동초등학교,B,elementary
100005553,"서울특별시 구로구 천왕로1길 11",B100005553,서울천왕초등학교,B,elementary
100000948,"서울특별시 강동구 구천면로 266",B100000948,서울천일초등학교,B,elementary
100000949,"서울특별시 강동구 구천면로 310-11",B100000949,서울천호초등학교,B,elementary
100001787,"서울특별시 노원구 공릉로 431",B100001787,서울청계초등학교,B,elementary
100002393,"서울특별시 중구 다산로 170",B100002393,서울청구초등학교,B,elementary
100000784,"서울특별시 강남구 압구정로71길 9",B100000784,서울청담초등학교,B,elementary
100002324,"서울특별시 성북구 정릉로9라길 11",B100002324,서울청덕초등학교,B,elementary
100001430,"서울특별시 동대문구 회기로25길 31",B100001430,서울청량초등학교,B,elementary
100001610,"서울특별시 관악구 관악로5길 61",B100001610,서울청룡초등학교,B,elementary
100002394,"서울특별시 종로구 자하문로 105",B100002394,서울청운초등학교,B,elementary
100002395,"서울특별시 용산구 효창원로 228",B100002395,서울청파초등학교,B,elementary
100001788,"서울특별시 도봉구 해등로32길 11",B100001788,서울초당초등학교,B,elementary
100002396,"서울 중구 퇴계로50길 13",B100002396,서울충무초등학교,B,elementary
100001058,"서울특별시 강서구 방화대로47길 43",B100001058,서울치현초등학교,B,elementary
100001255,"서울특별시 금천구 탑골로 47-3",B100001255,서울탑동초등학교,B,elementary
100001059,"서울특별시 강서구 허준로 109",B100001059,서울탑산초등학교,B,elementary
100001789,"서울특별시 노원구 화랑로51나길 31",B100001789,서울태랑초등학교,B,elementary
100001790,"서울특별시 노원구 노원로1길 36",B100001790,서울태릉초등학교,B,elementary
100000950,"서울특별시 송파구 풍성로20길 44",B100000950,서울토성초등학교,B,elementary
100000951,"서울특별시 송파구 송파대로26길 22",B100000951,서울평화초등학교,B,elementary
100000785,"서울특별시 강남구 개포로22길 87",B100000785,서울포이초등학교,B,elementary
100000952,"서울특별시 송파구 풍성로 43",B100000952,서울풍납초등학교,B,elementary
100000953,"서울특별시 송파구 강동대로2길 13",B100000953,서울풍성초등학교,B,elementary
100006431,"서울특별시 구로구 오리로 1106",B100006431,서울하늘숲초등학교,B,elementary
100005555,"서울특별시 마포구 월드컵북로 502-14",B100005555,서울하늘초등학교,B,elementary
100000786,"서울특별시 강남구 선릉로115길 42",B100000786,서울학동초등학교,B,elementary
100002397,"서울특별시 용산구 한강대로14길 9",B100002397,서울한강초등학교,B,elementary
100002398,"서울특별시 용산구 한남대로 112",B100002398,서울한남초등학교,B,elementary
100000954,"서울특별시 강동구 풍성로 261",B100000954,서울한산초등학교,B,elementary
100002015,"서울특별시 마포구 대흥로24바길 27",B100002015,서울한서초등학교,B,elementary
100001791,"서울특별시 노원구 마들로 45",B100001791,서울한천초등학교,B,elementary
100006432,"서울특별시 구로구 연동로 178",B100006432,서울항동초등학교,B,elementary
100006433,"서울특별시 송파구 송파대로37길 95",B100006433,서울해누리초등학교,B,elementary
100002194,"서울특별시 성동구 고산자로8길 6",B100002194,서울행당초등학교,B,elementary
100001611,"서울특별시 동작구 솔밭로 47",B100001611,서울행림초등학교,B,elementary
100005269,"서울특별시 성동구 행당로 95",B100005269,서울행현초등학교,B,elementary
100002399,"서울특별시 종로구 혜화로 32",B100002399,서울혜화초등학교,B,elementary
100001431,"서울특별시 동대문구 회기로 90",B100001431,서울홍릉초등학교,B,elementary
100002016,"서울특별시 서대문구 백련사길 55",B100002016,서울홍연초등학교,B,elementary
100002017,"서울특별시 서대문구 세검정로 105",B100002017,서울홍은초등학교,B,elementary
100002018,"서울특별시 서대문구 홍은중앙로 13",B100002018,서울홍제초등학교,B,elementary
100001432,"서울특별시 동대문구 고산자로 518",B100001432,서울홍파초등학교,B,elementary
100002325,"서울특별시 강북구 솔매로50가길 25",B100002325,서울화계초등학교,B,elementary
100001060,"서울특별시 강서구 초록마을로 28",B100001060,서울화곡초등학교,B,elementary
100002195,"서울특별시 광진구 군자로 9",B100002195,서울화양초등학교,B,elementary
100005259,"서울특별시 강서구 까치산로10길 70",B100005259,서울화일초등학교,B,elementary
100002400,"서울특별시 종로구 대학로 12",B100002400,서울효제초등학교,B,elementary
100002401,"서울특별시 용산구 두텁바위로 140",B100002401,서울후암초등학교,B,elementary
100001433,"서울특별시 동대문구 망우로6길 48",B100001433,서울휘경초등학교,B,elementary
100005283,"서울특별시 동대문구 장안벚꽃로 309",B100005283,서울휘봉초등학교,B,elementary
100001612,"서울특별시 동작구 현충로 87",B100001612,서울흑석초등학교,B,elementary
100002402,"서울특별시 중구 청구로6길 11",B100002402,서울흥인초등학교,B,elementary
100001256,"서울특별시 금천구 독산로50가길 60",B100001256,서울흥일초등학교,B,elementary
100002019,"서울특별시 은평구 갈현로29길 27",B100002019,선일초등학교,B,elementary
100002196,"서울특별시 광진구 자양로4길 63",B100002196,성동초등학교,B,elementary
100002326,"서울특별시 성북구 북악산로 918",B100002326,성신초등학교,B,elementary
100002197,"서울특별시 광진구 군자로 114",B100002197,세종초등학교,B,elementary
100002403,"서울특별시 중구 소파로2길 10",B100002403,숭의초등학교,B,elementary
100002404,"서울특별시 용산구 청파로 263",B100002404,신광초등학교,B,elementary
100002020,"서울특별시 은평구 백련산로14길 20-11",B100002020,알로이시오초등학교,B,elementary
100002327,"서울특별시 강북구 도봉로13가길 19",B100002327,영훈초등학교,B,elementary
100002021,"서울특별시 은평구 연서로 117",B100002021,예일초등학교,B,elementary
100002328,"서울특별시 성북구 성북로4길 52-1",B100002328,우촌초등학교,B,elementary
100002405,"서울특별시 종로구 삼일대로 460",B100002405,운현초등학교,B,elementary
100001061,"서울특별시 강서구 화곡로69길 9",B100001061,유석초등학교,B,elementary
100001434,"서울특별시 동대문구 장안벚꽃로 205",B100001434,은석초등학교,B,elementary
100002022,"서울특별시 은평구 통일로78가길 20",B100002022,은혜초등학교,B,elementary
100002023,"서울특별시 서대문구 성산로 512-39",B100002023,이화여자대학교사범대학부속초등학교,B,elementary
100001613,"서울특별시 동작구 서달로 135",B100001613,중앙대학교사범대학부속초등학교,B,elementary
100001792,"서울특별시 노원구 한글비석로 506",B100001792,청원초등학교,B,elementary
100002024,"서울특별시 서대문구 북아현로11가길 7",B100002024,추계초등학교,B,elementary
100002025,"서울특별시 은평구 가좌로5길 5",B100002025,충암초등학교,B,elementary
100001793,"서울특별시 노원구 화랑로 815",B100001793,태강삼육초등학교,B,elementary
100001794,"서울특별시 도봉구 노해로49길 69",B100001794,한신초등학교,B,elementary
100002198,"서울특별시 성동구 살곶이길 208",B100002198,한양초등학교,B,elementary
100002026,"서울특별시 마포구 성미산로 51",B100002026,홍익대학교사범대학부속초등학교,B,elementary
100001795,"서울특별시 노원구 화랑로 621",B100001795,화랑초등학교,B,elementary
100000856,"서울특별시 송파구 송이로 45",B100000856,가락중학교,B,middle
100001165,"서울특별시 금천구 시흥대로115길 48",B100001165,가산중학교,B,middle
100000857,"서울특별시 송파구 중대로10길 40-18",B100000857,가원중학교,B,middle
100005592,"서울특별시 서대문구 수색로 100-75",B100005592,가재울중학교,B,middle
100001545,"서울특별시 동작구 대방동 15길 29",B100001545,강남중학교,B,middle
100005540,"서울특별시 강동구 풍산로 237",B100005540,강동중학교,B,middle
100005526,"서울특별시 강동구 상일로12길 56",B100005526,강명중학교,B,middle
100002263,"서울특별시 강북구 한천로150길 67",B100002263,강북중학교,B,middle
100000967,"서울특별시 양천구 남부순환로 604",B100000967,강신중학교,B,middle
100000858,"서울특별시 강동구 고덕로27길 12",B100000858,강일중학교,B,middle
100001546,"서울특별시 동작구 상도로13라길 22",B100001546,강현중학교,B,middle
100001166,"서울특별시 구로구 고척로21나길 68",B100001166,개봉중학교,B,middle
100005271,"서울특별시 성북구 북악산로 935",B100005271,개운중학교,B,middle
100001167,"서울특별시 구로구 개봉로11길 81",B100001167,개웅중학교,B,middle
100000698,"서울특별시 강남구 영동대로 101",B100000698,개원중학교,B,middle
100000699,"서울특별시 강남구 선릉로 9",B100000699,개포중학교,B,middle
100000859,"서울특별시 송파구 양산로2길 30",B100000859,거원중학교,B,middle
100002143,"서울특별시 광진구 자양로 145-1",B100002143,건국대학교사범대학부속중학교,B,middle
100000968,"서울특별시 강서구 양천로59길 31",B100000968,경서중학교,B,middle
100001924,"서울특별시 마포구 성미산로 111",B100001924,경성중학교,B,middle
100002144,"서울특별시 성동구 뚝섬로13길 14",B100002144,경수중학교,B,middle
100002336,"서울특별시 종로구 혜화로 74",B100002336,경신중학교,B,middle
100000700,"서울특별시 서초구 신반포로33길 39",B100000700,경원중학교,B,middle
100001192,"서울특별시 구로구 경인로 301",B100001192,경인중학교,B,middle
100005212,"서울특별시 성동구 성수일로 27",B100005212,경일중학교,B,middle
100001363,"서울특별시 동대문구 경희대로 26",B100001363,경희여자중학교,B,middle
100001364,"서울특별시 동대문구 경희대로 26",B100001364,경희중학교,B,middle
100000860,"서울특별시 강동구 동남로82길 94",B100000860,고덕중학교,B,middle
100002264,"서울특별시 성북구 정릉로 161",B100002264,고려대학교사범대학부속중학교,B,middle
100002265,"서울특별시 성북구 북악산로 870",B100002265,고명중학교,B,middle
100001168,"서울특별시 구로구 중앙로3길 20",B100001168,고척중학교,B,middle
100001696,"서울특별시 노원구 노원로1길 42",B100001696,공릉중학교,B,middle
100000969,"서울특별시 강서구 양천로55길 56",B100000969,공진중학교,B,middle
100000970,"서울특별시 강서구 방화대로 241",B100000970,공항중학교,B,middle
100001547,"서울특별시 관악구 남부순환로237길 60",B100001547,관악중학교,B,middle
100002145,"서울특별시 광진구 아차산로70길 17-62",B100002145,광남중학교,B,middle
100001925,"서울 마포구 신수로8길 20",B100001925,광성중학교,B,middle
100001548,"서울특별시 관악구 광신길 141",B100001548,광신중학교,B,middle
100002146,"서울특별시 광진구 자양로3길 7",B100002146,광양중학교,B,middle
100001697,"서울특별시 노원구 광운로1길 24",B100001697,광운중학교,B,middle
100002147,"서울특별시 광진구 광장로1길 1",B100002147,광장중학교,B,middle
100002148,"서울특별시 광진구 뚝섬로64길 45",B100002148,광진중학교,B,middle
100002149,"서울특별시 성동구 독서당로62길 46",B100002149,광희중학교,B,middle
100001169,"서울특별시 구로구 구로중앙로 48",B100001169,구로중학교,B,middle
100000701,"서울특별시 강남구 선릉로 103",B100000701,구룡중학교,B,middle
100001926,"서울특별시 은평구 갈현로15길 20-23",B100001926,구산중학교,B,middle
100005211,"서울특별시 관악구 성현로 53",B100005211,구암중학교,B,middle
100002150,"서울특별시 광진구 광나루로30길 80",B100002150,구의중학교,B,middle
100001170,"서울특별시 구로구 구일로 90-133",B100001170,구일중학교,B,middle
100001549,"서울특별시 동작구 양녕로20길 20",B100001549,국사봉중학교,B,middle
100000971,"서울특별시 양천구 신정로 213",B100000971,금옥중학교,B,middle
100002337,"서울특별시 중구 청구로 6",B100002337,금호여자중학교,B,middle
100005595,"서울특별시 성북구 길음로 144 ",B100005595,길음중학교,B,middle
100001171,"서울특별시 금천구 문성로 67",B100001171,난곡중학교,B,middle
100001550,"서울특별시 관악구 난곡로16길 32",B100001550,난우중학교,B,middle
100001551,"서울특별시 관악구 난곡로34길 80",B100001551,남강중학교,B,middle
100002266,"서울특별시 성북구 한천로95길 28",B100002266,남대문중학교,B,middle
100001552,"서울특별시 관악구 남부순환로172길 97",B100001552,남서울중학교,B,middle
100001553,"서울특별시 동작구 남부순환로269길 166",B100001553,남성중학교,B,middle
100006334,"서울특별시 서초구 청계산로7길 9-20",B100006334,내곡중학교,B,middle
100001698,"서울특별시 도봉구 노해로70길 95",B100001698,노곡중학교,B,middle
100001699,"서울특별시 노원구 동일로213길 26",B100001699,노원중학교,B,middle
100001700,"서울특별시 노원구 동일로231길 24",B100001700,노일중학교,B,middle
100001701,"서울특별시 노원구 월계로 376",B100001701,녹천중학교,B,middle
100000704,"서울특별시 강남구 도곡로64길 21",B100000704,단국대학교사범대학부속중학교,B,middle
100001554,"서울특별시 관악구 봉천로13길 101",B100001554,당곡중학교,B,middle
100001172,"서울특별시 영등포구 당산로41길 12",B100001172,당산서중학교,B,middle
100001173,"서울특별시 영등포구 버드나루로 160",B100001173,당산중학교,B,middle
100002338,"서울특별시 중구 매봉18길 111",B100002338,대경중학교,B,middle
100001365,"서울특별시 동대문구 안암로 6",B100001365,대광중학교,B,middle
100001174,"서울특별시 영등포구 시흥대로185길 6",B100001174,대림중학교,B,middle
100000705,"서울특별시 강남구 역삼로87길 26",B100000705,대명중학교,B,middle
100001555,"서울특별시 동작구 여의대방로10길 24",B100001555,대방중학교,B,middle
100001927,"서울특별시 은평구 갈현로29길 51-24",B100001927,대성중학교,B,middle
100002339,"서울특별시 종로구 사직로 9",B100002339,대신중학교,B,middle
100001175,"서울특별시 영등포구 도림로80가길 14",B100001175,대영중학교,B,middle
100000706,"서울특별시 강남구 광평로20길 7",B100000706,대왕중학교,B,middle
100002151,"서울특별시 광진구 용마산로22길 26",B100002151,대원국제중학교,B,middle
100000707,"서울특별시 강남구 양재천로 321",B100000707,대청중학교,B,middle
100000708,"서울특별시 강남구 남부순환로378길 39",B100000708,대치중학교,B,middle
100001928,"서울특별시 은평구 가좌로 400",B100001928,덕산중학교,B,middle
100002340,"서울특별시 종로구 율곡로3길 49",B100002340,덕성여자중학교,B,middle
100002341,"서울 중구 마른내로9길 10",B100002341,덕수중학교,B,middle
100000972,"서울특별시 강서구 강서로45길 91-44",B100000972,덕원중학교,B,middle
100000709,"서울특별시 강남구 언주로57길 31",B100000709,도곡중학교,B,middle
100001702,"서울특별시 도봉구 마들로 671",B100001702,도봉중학교,B,middle
100002267,"서울특별시 성북구 성북로8길 71",B100002267,동구여자중학교,B,middle
100002153,"서울특별시 광진구 광나루로36길 47",B100002153,동국대학교사범대학부속여자중학교,B,middle
100001367,"서울특별시 동대문구 장안벚꽃로 201",B100001367,동국대학교사범대학부속중학교,B,middle
100001368,"서울특별시 동대문구 사가정로 59",B100001368,동대문중학교,B,middle
100000710,"서울특별시 서초구 효령로2길 123-5",B100000710,동덕여자중학교,B,middle
100001929,"서울특별시 마포구 백범로 139",B100001929,동도중학교,B,middle
100002152,"서울특별시 성동구 마조로11길 18",B100002152,동마중학교,B,middle
100001930,"서울특별시 서대문구 독립문로 49",B100001930,동명여자중학교,B,middle
100000861,"서울특별시 강동구 강동대로 305",B100000861,동북중학교,B,middle
100002342,"서울특별시 종로구 대학로 156",B100002342,동성중학교,B,middle
100000862,"서울특별시 강동구 진황도로 72",B100000862,동신중학교,B,middle
100001556,"서울특별시 동작구 흑석로9길 94",B100001556,동양중학교,B,middle
100001369,"서울특별시 중랑구 양원역로 32",B100001369,동원중학교,B,middle
100001176,"서울특별시 금천구 탑골로10길 45",B100001176,동일중학교,B,middle
100001557,"서울특별시 동작구 동작대로39가길 83",B100001557,동작중학교,B,middle
100000863,"서울특별시 강동구 진황도로61길 25-30",B100000863,둔촌중학교,B,middle
100000973,"서울특별시 강서구 공항대로39길 39",B100000973,등명중학교,B,middle
100000974,"서울특별시 강서구 화곡로65길 50",B100000974,등원중학교,B,middle
100000975,"서울특별시 강서구 공항대로 484-12",B100000975,등촌중학교,B,middle
100005596,"서울특별시 강서구 마곡중앙5로 58",B100005596,마곡중학교,B,middle
100005240,"서울특별시 성동구 마장로35나길 31",B100005240,마장중학교,B,middle
100000976,"서울특별시 강서구 화곡로 403",B100000976,마포중학교,B,middle
100001370,"서울특별시 중랑구 용마산로70길 37",B100001370,면목중학교,B,middle
100000977,"서울특별시 강서구 강서로47길 34-10",B100000977,명덕여자중학교,B,middle
100000864,"서울특별시 강동구 양재대로156길 57",B100000864,명일중학교,B,middle
100001931,"서울특별시 서대문구 명지2길 56",B100001931,명지중학교,B,middle
100000978,"서울특별시 양천구 목동동로 172",B100000978,목동중학교,B,middle
100005515,"서울특별시 양천구 목동동로 235",B100005515,목운중학교,B,middle
100000979,"서울특별시 양천구 목동동로8길 70",B100000979,목일중학교,B,middle
100002154,"서울특별시 성동구 행당로 120",B100002154,무학중학교,B,middle
100001177,"서울특별시 영등포구 선유서로13길 6",B100001177,문래중학교,B,middle
100001178,"서울특별시 금천구 독산로102길 78",B100001178,문성중학교,B,middle
100001179,"서울특별시 금천구 시흥대로47길 45",B100001179,문일중학교,B,middle
100000865,"서울특별시 송파구 문정로 73",B100000865,문정중학교,B,middle
100001558,"서울특별시 동작구 여의대방로22나길 40",B100001558,문창중학교,B,middle
100005520,"서울특별시 송파구 충민로 99",B100005520,문현중학교,B,middle
100001559,"서울특별시 관악구 문성로16길 40",B100001559,미성중학교,B,middle
100005516,"서울특별시 강북구 인수봉로 39",B100005516,미양중학교,B,middle
100000711,"서울특별시 서초구 신반포로 67",B100000711,반포중학교,B,middle
100000712,"서울특별시 서초구 동광로 144",B100000712,방배중학교,B,middle
100000866,"서울특별시 송파구 오금로29길 31",B100000866,방산중학교,B,middle
100000980,"서울특별시 강서구 금낭화로 268",B100000980,방원중학교,B,middle
100000867,"서울특별시 송파구 오금로11길 64",B100000867,방이중학교,B,middle
100001703,"서울특별시 도봉구 시루봉로 188",B100001703,방학중학교,B,middle
100000981,"서울특별시 강서구 개화동로27길 9",B100000981,방화중학교,B,middle
100000868,"서울특별시 송파구 삼학사로 11",B100000868,배명중학교,B,middle
100002343,"서울특별시 용산구 효창원로 258",B100002343,배문중학교,B,middle
100000869,"서울특별시 강동구 고덕로 227",B100000869,배재중학교,B,middle
100002344,"서울특별시 종로구 필운대로1길 34",B100002344,배화여자중학교,B,middle
100000982,"서울특별시 강서구 등촌로51나길 35",B100000982,백석중학교,B,middle
100001704,"서울특별시 도봉구 도봉로129길 50",B100001704,백운중학교,B,middle
100002268,"서울특별시 강북구 오현로35길 87",B100002268,번동중학교,B,middle
100002345,"서울특별시 용산구 신흥로3가길 66",B100002345,보성여자중학교,B,middle
100000870,"서울특별시 송파구 양재대로 1278",B100000870,보성중학교,B,middle
100000871,"서울특별시 송파구 오금로49길 18",B100000871,보인중학교,B,middle
100001560,"서울특별시 관악구 장군봉길 72",B100001560,봉림중학교,B,middle
100000983,"서울특별시 양천구 목동동로2길 68",B100000983,봉영여자중학교,B,middle
100001561,"서울특별시 관악구 관악로24가길 15",B100001561,봉원중학교,B,middle
100000713,"서울특별시 강남구 영동대로128길 59",B100000713,봉은중학교,B,middle
100001371,"서울특별시 중랑구 망우로70길 89",B100001371,봉화중학교,B,middle
100001705,"서울특별시 도봉구 도봉로169가길 33",B100001705,북서울중학교,B,middle
100002269,"서울특별시 성북구 정릉로12길 41",B100002269,북악중학교,B,middle
100001932,"서울특별시 은평구 불광로 180",B100001932,불광중학교,B,middle
100001706,"서울특별시 노원구 한글비석로5길 45",B100001706,불암중학교,B,middle
100001562,"서울특별시 동작구 사당로9가길 58",B100001562,사당중학교,B,middle
100005180,"서울특별시 강북구 삼양로19길 141",B100005180,삼각산중학교,B,middle
100002270,"서울특별시 성북구 동소문로3길 69",B100002270,삼선중학교,B,middle
100001569,"서울특별시 관악구 신림로3가길 39-24",B100001569,삼성중학교,B,middle
100000984,"서울특별시 강서구 금낭화로 210",B100000984,삼정중학교,B,middle
100001707,"서울특별시 노원구 동일로227길 61",B100001707,상경중학교,B,middle
100001708,"서울특별시 노원구 덕릉로86길 29-15",B100001708,상계제일중학교,B,middle
100001709,"서울특별시 노원구 노원로 398",B100001709,상계중학교,B,middle
100001563,"서울특별시 동작구 사당로2가길 72",B100001563,상도중학교,B,middle
100002346,"서울특별시 종로구 홍지문2길 20",B100002346,상명대학교사범대학부속여자중학교,B,middle
100001710,"서울특별시 노원구 덕릉로 553",B100001710,상명중학교,B,middle
100001372,"서울특별시 중랑구 상봉중앙로8나길 28",B100001372,상봉중학교,B,middle
100001933,"서울특별시 은평구 증산로15길 61",B100001933,상신중학교,B,middle
100005366,"서울특별시 마포구 상암산로1길 26",B100005366,상암중학교,B,middle
100001711,"서울특별시 노원구 수락산로 182",B100001711,상원중학교,B,middle
100000872,"서울특별시 강동구 천호대로219길 61",B100000872,상일여자중학교,B,middle
100001564,"서울특별시 동작구 사당로2길 2-19",B100001564,상현중학교,B,middle
100002271,"서울특별시 강북구 삼양로155길 37-9",B100002271,서라벌중학교,B,middle
100000714,"서울특별시 서초구 동광로12길 84",B100000714,서문여자중학교,B,middle
100001934,"서울특별시 서대문구 연희로11마길 9-6",B100001934,서연중학교,B,middle
100000715,"서울특별시 서초구 서운로 115",B100000715,서운중학교,B,middle
3562,"서울특별시 종로구 대학로 64",A000003562,서울대학교사범대학부설여자중학교,A,middle
3514,"서울특별시 성북구 월곡로 36",A000003514,서울대학교사범대학부설중학교,A,middle
100001565,"서울특별시 관악구 관악로 85",B100001565,서울문영여자중학교,B,middle
100001935,"서울특별시 마포구 백범로25길 34",B100001935,서울여자중학교,B,middle
100004058,"서울특별시 송파구 강동대로 232",B100004058,서울체육중학교,B,middle
100000716,"서울특별시 서초구 서운로21길 2",B100000716,서일중학교,B,middle
100000717,"서울특별시 서초구 반포대로13길 48",B100000717,서초중학교,B,middle
100002273,"서울특별시 성북구 한천로 526",B100002273,석관중학교,B,middle
100000873,"서울특별시 송파구 송이로15길 13",B100000873,석촌중학교,B,middle
100001712,"서울특별시 도봉구 시루봉로 53",B100001712,선덕중학교,B,middle
100002350,"서울특별시 용산구 원효로97길 33-4",B100002350,선린중학교,B,middle
100001184,"서울특별시 영등포구 선유로 213",B100001184,선유중학교,B,middle
100001936,"서울특별시 은평구 갈현로29길 27",B100001936,선일여자중학교,B,middle
100001937,"서울특별시 은평구 서오릉로20길 19",B100001937,선정중학교,B,middle
100001566,"서울특별시 동작구 대방동길 74",B100001566,성남중학교,B,middle
100000874,"서울특별시 강동구 성안로7길 36",B100000874,성내중학교,B,middle
100000875,"서울특별시 강동구 구천면로 396",B100000875,성덕여자중학교,B,middle
100001567,"서울특별시 관악구 남부순환로156길 39",B100001567,성보중학교,B,middle
100001938,"서울특별시 마포구 모래내로9길 16",B100001938,성사중학교,B,middle
100001939,"서울특별시 마포구 성지1길 32-13",B100001939,성산중학교,B,middle
100001940,"서울특별시 마포구 성산로4길 42",B100001940,성서중학교,B,middle
100002155,"서울특별시 성동구 서울숲길 18",B100002155,성수중학교,B,middle
100002274,"서울특별시 성북구 북악산로 918",B100002274,성신여자중학교,B,middle
100002351,"서울특별시 용산구 원효로19길 49",B100002351,성심여자중학교,B,middle
100002275,"서울특별시 강북구 도봉로29길 52",B100002275,성암여자중학교,B,middle
100002156,"서울특별시 성동구 성덕정9가길 13",B100002156,성원중학교,B,middle
100001373,"서울특별시 동대문구 왕산로23길 55",B100001373,성일중학교,B,middle
100000985,"서울특별시 강서구 허준로 36",B100000985,성재중학교,B,middle
100005829,"서울특별시 강남구 자곡로 81",B100005829,세곡중학교,B,middle
100000876,"서울특별시 송파구 양재대로72길 41",B100000876,세륜중학교,B,middle
100001180,"서울특별시 금천구 시흥대로147길 34",B100001180,세일중학교,B,middle
100000718,"서울특별시 서초구 신반포로 56-7",B100000718,세화여자중학교,B,middle
100001374,"서울특별시 중랑구 양원역로 67",B100001374,송곡여자중학교,B,middle
100006041,"서울특별시 송파구 위례순환로 429 ",B100006041,송례중학교,B,middle
100000986,"서울특별시 강서구 남부순환로 121",B100000986,송정중학교,B,middle
100000877,"서울특별시 송파구 동남로 203",B100000877,송파중학교,B,middle
100001713,"서울특별시 노원구 동일로 1729",B100001713,수락중학교,B,middle
100005497,"서울특별시 강서구 수명로2길 16",B100005497,수명중학교,B,middle
100000719,"서울특별시 강남구 광평로59길 57",B100000719,수서중학교,B,middle
100002276,"서울특별시 강북구 한천로122길 21",B100002276,수송중학교,B,middle
100002277,"서울특별시 강북구 인수봉로37길 40",B100002277,수유중학교,B,middle
100000720,"서울특별시 강남구 남부순환로 2807",B100000720,숙명여자중학교,B,middle
100005612,"서울특별시 성북구 종암로 208",B100005612,숭곡중학교,B,middle
100001941,"서울특별시 마포구 숭문길 99",B100001941,숭문중학교,B,middle
100001942,"서울특별시 은평구 은평터널로7길 6",B100001942,숭실중학교,B,middle
100002352,"서울특별시 동작구 여의대방로36길 79",B100002352,숭의여자중학교,B,middle
100001375,"서울특별시 동대문구 천호대로47길 34",B100001375,숭인중학교,B,middle
100001181,"서울특별시 금천구 시흥대로38길 60",B100001181,시흥중학교,B,middle
100001568,"서울특별시 관악구 신림로48길 17-16",B100001568,신관중학교,B,middle
100002353,"서울특별시 용산구 청파로 263",B100002353,신광여자중학교,B,middle
100000721,"서울특별시 강남구 압구정로36길 17",B100000721,신구중학교,B,middle
100000987,"서울특별시 양천구 중앙로29길 109",B100000987,신남중학교,B,middle
100001182,"서울특별시 구로구 경인로63길 74",B100001182,신도림중학교,B,middle
100001714,"서울특별시 도봉구 도봉로115길 16",B100001714,신도봉중학교,B,middle
100005561,"서울특별시 은평구 진관1로 77-30",B100005561,신도중학교,B,middle
100000722,"서울특별시 서초구 나루터로 27",B100000722,신동중학교,B,middle
100001570,"서울특별시 관악구 신림로 40",B100001570,신림중학교,B,middle
100000878,"서울특별시 강동구 명일로24길 25",B100000878,신명중학교,B,middle
100000988,"서울특별시 양천구 목동중앙로 88",B100000988,신목중학교,B,middle
100000723,"서울특별시 서초구 신반포로19길 26",B100000723,신반포중학교,B,middle
100001715,"서울특별시 도봉구 시루봉로 156",B100001715,신방학중학교,B,middle
100000724,"서울특별시 강남구 압구정로 123",B100000724,신사중학교,B,middle
100001716,"서울특별시 노원구 동일로216길 42",B100001716,신상중학교,B,middle
100000989,"서울특별시 양천구 중앙로 206",B100000989,신서중학교,B,middle
100001943,"서울특별시 마포구 신수로 49",B100001943,신수중학교,B,middle
100000879,"서울특별시 강동구 고덕로 65",B100000879,신암중학교,B,middle
100002157,"서울특별시 광진구 자양강변길 73",B100002157,신양중학교,B,middle
100001944,"서울특별시 서대문구 모래내로 408",B100001944,신연중학교,B,middle
100000990,"서울특별시 양천구 가로공원로55길 19",B100000990,신원중학교,B,middle
100000991,"서울특별시 양천구 남부순환로29길 25",B100000991,신월중학교,B,middle
100002278,"서울특별시 강북구 솔매로49길 20",B100002278,신일중학교,B,middle
100000992,"서울특별시 강서구 등촌로13아길 20",B100000992,신정여자중학교,B,middle
100001717,"서울 노원구 월계로45길 92",B100001717,신창중학교,B,middle
100000880,"서울특별시 송파구 백제고분로 11",B100000880,신천중학교,B,middle
100001376,"서울특별시 중랑구 봉화산로 162",B100001376,신현중학교,B,middle
100000993,"서울특별시 양천구 남부순환로29길 35",B100000993,신화중학교,B,middle
100000881,"서울특별시 송파구 올림픽로4길 69",B100000881,아주중학교,B,middle
100001945,"서울특별시 마포구 마포대로 247",B100001945,아현중학교,B,middle
100001183,"서울특별시 금천구 한내로 69-44",B100001183,안천중학교,B,middle
100000702,"서울특별시 강남구 압구정로 225",B100000702,압구정중학교,B,middle
100000994,"서울특별시 양천구 중앙로 319",B100000994,양강중학교,B,middle
100000995,"서울특별시 양천구 목동중앙북로 49",B100000995,양동중학교,B,middle
100000996,"서울특별시 양천구 남부순환로 380",B100000996,양서중학교,B,middle
100000997,"서울특별시 양천구 안양천로 1039",B100000997,양정중학교,B,middle
100005286,"서울특별시 광진구 워커힐로 32",B100005286,양진중학교,B,middle
100000998,"서울특별시 양천구 지양로7길 32",B100000998,양천중학교,B,middle
100001185,"서울특별시 영등포구 당산로 56",B100001185,양화중학교,B,middle
100000725,"서울특별시 서초구 동산로 55",B100000725,언남중학교,B,middle
100000726,"서울특별시 강남구 도산대로38길 27",B100000726,언북중학교,B,middle
100000727,"서울특별시 강남구 선릉로116길 57",B100000727,언주중학교,B,middle
100001186,"서울특별시 영등포구 국제금융로7길 46",B100001186,여의도중학교,B,middle
100000728,"서울특별시 강남구 도곡로43길 10",B100000728,역삼중학교,B,middle
100001946,"서울특별시 서대문구 연희로36길 32",B100001946,연북중학교,B,middle
100001947,"서울특별시 은평구 증산서길 125-6",B100001947,연서중학교,B,middle
100001948,"서울특별시 은평구 연서로33길 16-32",B100001948,연신중학교,B,middle
100001949,"서울특별시 은평구 연서로41길 30",B100001949,연천중학교,B,middle
100001950,"서울특별시 서대문구 증가로 170",B100001950,연희중학교,B,middle
100005287,"서울특별시 강서구 양천로69길 35",B100005287,염경중학교,B,middle
100001718,"서울특별시 노원구 월계로45가길 9",B100001718,염광중학교,B,middle
100000999,"서울특별시 강서구 양천로67가길 83",B100000999,염창중학교,B,middle
100001187,"서울특별시 영등포구 대림로31나길 17",B100001187,영남중학교,B,middle
100001000,"서울특별시 양천구 목동중앙남로 27",B100001000,영도중학교,B,middle
100000729,"서울특별시 서초구 성촌길 14",B100000729,영동중학교,B,middle
100001571,"서울특별시 동작구 등용로8길 5",B100001571,영등포중학교,B,middle
100001951,"서울특별시 은평구 백련산로 134-6",B100001951,영락중학교,B,middle
100001377,"서울특별시 중랑구 망우로73길 56",B100001377,영란여자중학교,B,middle
100001188,"서울특별시 구로구 가마산로27길 17",B100001188,영림중학교,B,middle
100001189,"서울특별시 구로구 도림로20길 35",B100001189,영서중학교,B,middle
100001190,"서울특별시 영등포구 영등포로62길 31",B100001190,영원중학교,B,middle
100000882,"서울특별시 송파구 올림픽로 565",B100000882,영파여자중학교,B,middle
100002279,"서울특별시 강북구 도봉로13가길 19",B100002279,영훈국제중학교,B,middle
100001952,"서울특별시 은평구 연서로 117",B100001952,예일여자중학교,B,middle
100000883,"서울특별시 송파구 오금로35길 20",B100000883,오금중학교,B,middle
100001191,"서울특별시 구로구 오리로9길 25",B100001191,오남중학교,B,middle
100001193,"서울특별시 구로구 고척로27바길 19",B100001193,오류중학교,B,middle
100000884,"서울특별시 송파구 양재대로 1242",B100000884,오륜중학교,B,middle
100002354,"서울특별시 용산구 보광로7길 17",B100002354,오산중학교,B,middle
100000885,"서울특별시 송파구 동남로 281",B100000885,오주중학교,B,middle
100002158,"서울특별시 성동구 한림말길 11",B100002158,옥정중학교,B,middle
100001719,"서울특별시 노원구 노원로 492",B100001719,온곡중학교,B,middle
100002355,"서울특별시 용산구 이촌로65가길 91",B100002355,용강중학교,B,middle
100002159,"서울특별시 광진구 용마산로22길 76",B100002159,용곡중학교,B,middle
100001378,"서울특별시 중랑구 면목로28길 18",B100001378,용마중학교,B,middle
100002280,"서울특별시 성북구 고려대로17길 46",B100002280,용문중학교,B,middle
100002356,"서울특별시 용산구 두텁바위로 74",B100002356,용산중학교,B,middle
100001194,"서울특별시 구로구 부일로 917",B100001194,우신중학교,B,middle
100001379,"서울특별시 중랑구 신내로23길 57",B100001379,원묵중학교,B,middle
100000730,"서울특별시 서초구 사평대로45길 10",B100000730,원촌중학교,B,middle
100001720,"서울특별시 노원구 월계로 45가길 54",B100001720,월계중학교,B,middle
100002281,"서울특별시 성북구 장월로 6",B100002281,월곡중학교,B,middle
100001001,"서울특별시 양천구 목동서로 31",B100001001,월촌중학교,B,middle
100001195,"서울특별시 영등포구 여의동로3길 3",B100001195,윤중중학교,B,middle
100000731,"서울특별시 강남구 남부순환로359길 36",B100000731,은성중학교,B,middle
100001953,"서울특별시 은평구 갈현로17나길 12-1",B100001953,은평중학교,B,middle
100005210,"서울특별시 노원구 덕릉로 580",B100005210,을지중학교,B,middle
100000732,"서울특별시 서초구 방배중앙로3길 32",B100000732,이수중학교,B,middle
100001955,"서울특별시 서대문구 성산로 520",B100001955,이화여자대학교사범대학부속이화·금란중학교,B,middle
100002282,"서울특별시 강북구 인수봉로75길 10",B100002282,인수중학교,B,middle
100005519,"서울특별시 서대문구 세검정로4길",B100005519,인왕중학교,B,middle
100001956,"서울특별시 서대문구 경기대로 65",B100001956,인창중학교,B,middle
100001572,"서울특별시 관악구 인헌9길 35",B100001572,인헌중학교,B,middle
100000886,"서울특별시 송파구 송파대로38길 8",B100000886,일신여자중학교,B,middle
100002160,"서울특별시 광진구 뚝섬로41길 33",B100002160,자양중학교,B,middle
100000887,"서울특별시 송파구 잠실로 12",B100000887,잠신중학교,B,middle
100000888,"서울특별시 송파구 올림픽로35길 130",B100000888,잠실중학교,B,middle
100001573,"서울특별시 동작구 장승배기로10가길 25",B100001573,장승중학교,B,middle
100001380,"서울특별시 중랑구 동일로 780",B100001380,장안중학교,B,middle
100002357,"서울특별시 중구 동호로15길 93-34",B100002357,장원중학교,B,middle
100002283,"서울특별시 성북구 장위로4길 70",B100002283,장위중학교,B,middle
100002358,"서울특별시 중구 동호로15길 93",B100002358,장충중학교,B,middle
100001381,"서울특별시 동대문구 답십리로72길 158",B100001381,장평중학교,B,middle
100001721,"서울특별시 노원구 덕릉로82길 64",B100001721,재현중학교,B,middle
100001382,"서울특별시 동대문구 사가정로13길 71",B100001382,전농중학교,B,middle
100001383,"서울특별시 동대문구 장안벚꽃로 291",B100001383,전동중학교,B,middle
100001384,"서울특별시 동대문구 사가정로13길 67",B100001384,전일중학교,B,middle
100000889,"서울특별시 송파구 올림픽로4길 16",B100000889,정신여자중학교,B,middle
100001958,"서울특별시 서대문구 연희로37안길 51",B100001958,정원여자중학교,B,middle
100001722,"서울특별시 도봉구 노해로49길 69",B100001722,정의여자중학교,B,middle
100001385,"서울특별시 동대문구 홍릉로15길 50",B100001385,정화여자중학교,B,middle
100002284,"서울특별시 성북구 종암로5길 80-17",B100002284,종암중학교,B,middle
100001723,"서울특별시 노원구 덕릉로76길 23",B100001723,중계중학교,B,middle
100000733,"서울특별시 강남구 일원로8길 37",B100000733,중동중학교,B,middle
100001386,"서울특별시 중랑구 동일로140길 33",B100001386,중랑중학교,B,middle
100001959,"서울특별시 마포구 월드컵북로38길 25",B100001959,중암중학교,B,middle
100001575,"서울특별시 동작구 서달로 124",B100001575,중앙대학교사범대학부속중학교,B,middle
100001960,"서울특별시 서대문구 북아현로11가길 7",B100001960,중앙여자중학교,B,middle
100002359,"서울특별시 종로구 창덕궁길 164",B100002359,중앙중학교,B,middle
100001724,"서울특별시 노원구 공릉로 420",B100001724,중원중학교,B,middle
100001725,"서울특별시 노원구 동일로203길 87",B100001725,중평중학교,B,middle
100001387,"서울특별시 중랑구 용마산로 364",B100001387,중화중학교,B,middle
100001961,"서울특별시 은평구 증산로5길 27-30",B100001961,증산중학교,B,middle
100005510,"서울특별시 은평구 진관4로 36",B100005510,진관중학교,B,middle
100000734,"서울특별시 강남구 선릉로85길 27",B100000734,진선여자중학교,B,middle
100002360,"서울특별시 중구 정동길 22",B100002360,창덕여자중학교,B,middle
100001726,"서울특별시 도봉구 방학로 32",B100001726,창동중학교,B,middle
100002285,"서울특별시 강북구 월계로 61",B100002285,창문여자중학교,B,middle
100001727,"서울특별시 도봉구 노해로62길 33",B100001727,창북중학교,B,middle
100001728,"서울특별시 도봉구 노해로66길 60",B100001728,창일중학교,B,middle
100005569,"서울특별시 마포구 백범로1길 56",B100005569,창천중학교,B,middle
100005571,"서울특별시 구로구 천왕로 63",B100005571,천왕중학교,B,middle
100000890,"서울특별시 강동구 천중로 57",B100000890,천일중학교,B,middle
100000891,"서울특별시 강동구 상암로 153",B100000891,천호중학교,B,middle
100000735,"서울특별시 강남구 압구정로61길 36",B100000735,청담중학교,B,middle
100001388,"서울특별시 동대문구 왕산로 301",B100001388,청량중학교,B,middle
100002361,"서울특별시 종로구 창의문로 51",B100002361,청운중학교,B,middle
100001729,"서울특별시 노원구 한글비석로 506",B100001729,청원중학교,B,middle
100001962,"서울특별시 은평구 가좌로5길 5",B100001962,충암중학교,B,middle
100001730,"서울특별시 노원구 화랑로 51나길 51",B100001730,태랑중학교,B,middle
100001389,"서울특별시 중랑구 공릉로2길 60-25",B100001389,태릉중학교,B,middle
100000892,"서울특별시 송파구 올림픽로43길 20",B100000892,풍납중학교,B,middle
100000893,"서울특별시 송파구 강동대로2길 27",B100000893,풍성중학교,B,middle
100001731,"서울특별시 노원구 노원로 261-8",B100001731,하계중학교,B,middle
100002362,"서울특별시 용산구 녹사평대로 73",B100002362,한강중학교,B,middle
100000895,"서울특별시 강동구 풍성로 251",B100000895,한산중학교,B,middle
100002286,"서울특별시 성북구 삼선교로16길 118",B100002286,한성여자중학교,B,middle
100001963,"서울특별시 서대문구 북아현로1길 24",B100001963,한성중학교,B,middle
100002161,"서울특별시 성동구 마조로 42",B100002161,한양대학교사범대학부속중학교,B,middle
100002363,"서울특별시 중구 을지로 299",B100002363,한양중학교,B,middle
100000896,"서울특별시 강동구 동남로 832",B100000896,한영중학교,B,middle
100001196,"서울특별시 금천구 독산로50길 60",B100001196,한울중학교,B,middle
100001732,"서울특별시 노원구 공릉로 265",B100001732,한천중학교,B,middle
100006434,"서울특별시 송파구 송파대로37길 95",B100006434,해누리중학교,B,middle
100001390,,B100001390,해성여자중학교,B,middle
100002162,"서울특별시 성동구 왕십리로 189",B100002162,행당중학교,B,middle
100001391,"서울특별시 중랑구 봉우재로58길 39",B100001391,혜원여자중학교,B,middle
100001964,"서울특별시 서대문구 연희로41길 94",B100001964,홍은중학교,B,middle
100001965,"서울특별시 마포구 성미산로 51",B100001965,홍익대학교사범대학부속여자중학교,B,middle
100002287,"서울특별시 성북구 성북로14가길 23",B100002287,홍익대학교사범대학부속중학교,B,middle
100002288,"서울특별시 강북구 화계사길 63",B100002288,화계중학교,B,middle
100001002,"서울특별시 강서구 강서로45길 70",B100001002,화곡중학교,B,middle
100001003,"서울특별시 강서구 강서로17나길 86",B100001003,화원중학교,B,middle
100002364,"서울특별시 중구 환일길 47",B100002364,환일중학교,B,middle
100005289,"서울특별시 도봉구 우이천로 432",B100005289,효문중학교,B,middle
100001392,"서울특별시 동대문구 한천로 247",B100001392,휘경여자중학교,B,middle
100001393,"서울특별시 동대문구 망우로18나길 20",B100001393,휘경중학교,B,middle
100000736,"서울특별시 강남구 역삼로 541",B100000736,휘문중학교,B,middle
100000370,"서울특별시 송파구 송이로 42",B100000370,가락고등학교,B,high
100005591,"서울특별시 서대문구 수색로 100-35",B100005591,가재울고등학교,B,high
100000371,"서울특별시 강동구 구천면로 572",B100000371,강동고등학교,B,high
100000372,"서울특별시 양천구 목동중앙남로 27",B100000372,강서고등학교,B,high
